acc,pre,sen,spe,auc,logloss,f1
0.8388888888888889,0.8148148148148148,0.825,0.85,0.90475,0.37859547462647136,0.8198757763975155
